2017-01-14 13:31:17,820,38
2017-01-14 13:32:15,795,39
2017-01-14 13:33:14,797,30
2017-01-14 13:34:13,816,35
2017-01-14 13:35:12,823,34
2017-01-14 13:36:11,798,33
2017-01-14 13:37:10,812,40
2017-01-14 13:38:09,792,37
2017-01-14 13:39:07,820,41
2017-01-15 18:05:45,1745,28
2017-01-15 18:06:44,1239,32
2017-01-15 18:07:43,1215,32
2017-01-15 18:08:42,1197,27
2017-01-15 18:09:41,1230,28
2017-01-15 18:10:40,1205,33
2017-01-15 18:11:39,1176,33
2017-01-15 18:12:38,1177,29
2017-01-15 18:13:36,1296,24
2017-01-15 18:14:35,1364,34
2017-01-15 18:15:34,1318,28
2017-01-15 18:16:33,1367,26
2017-01-15 18:17:32,1172,20
2017-01-15 18:18:31,1212,30
2017-01-15 18:19:30,1236,34
2017-01-15 18:20:29,1176,26
2017-01-15 18:21:27,1152,20
2017-01-15 18:22:26,1103,20
2017-01-15 18:23:25,1109,22
2017-01-15 18:24:24,1112,21
2017-01-15 18:25:23,1142,25
2017-01-15 18:26:22,1126,25
2017-01-15 18:27:21,1088,22
2017-01-15 18:28:20,1098,25
2017-01-15 18:29:19,1109,19
2017-01-15 18:30:17,1059,21
2017-01-15 18:31:16,1041,17
2017-01-15 18:32:15,1053,23
2017-01-15 18:33:14,1072,20
2017-01-15 18:34:13,1065,22
2017-01-15 18:35:12,1074,22
2017-01-15 18:36:11,1078,23
2017-01-15 18:37:10,1065,18
2017-01-15 18:38:08,1053,17
2017-01-15 18:39:07,1067,20
2017-01-15 18:40:06,1085,18
2017-01-15 18:41:05,1051,17
2017-01-15 18:42:04,1090,15
2017-01-15 18:43:03,1076,23
2017-01-15 18:44:02,1080,15
2017-01-15 18:45:01,1080,19
2017-01-15 18:46:00,1110,17
2017-01-15 18:46:58,1118,17
2017-01-15 18:47:57,1101,20
2017-01-15 18:48:56,1114,16
2017-01-15 18:49:55,1139,19
2017-01-15 18:50:54,1138,14
2017-01-15 18:51:53,1110,16
2017-01-15 18:52:52,1129,14
2017-01-15 18:53:51,1132,17
2017-01-15 18:54:49,1186,18
2017-01-15 18:55:48,1177,21
2017-01-15 18:56:47,1136,17
2017-01-15 18:57:46,1121,12
2017-01-15 18:58:45,1101,17
2017-01-15 18:59:44,1143,17
2017-01-15 19:00:43,1143,21
2017-01-15 19:01:42,1138,14
2017-01-15 19:02:41,1125,16
2017-01-15 19:03:39,1172,16
2017-01-15 19:04:38,1134,16
2017-01-15 19:05:37,1152,15
2017-01-15 19:06:36,1143,15
2017-01-15 19:07:35,1178,12
2017-01-15 19:08:34,1158,14
2017-01-15 19:09:33,1165,14
2017-01-15 19:10:32,1159,16
2017-01-15 19:11:30,1167,16
2017-01-15 19:12:29,1201,16
2017-01-15 19:13:28,1145,16
2017-01-15 19:14:27,1157,15
2017-01-15 19:15:26,1171,15
2017-01-15 19:16:25,1187,16
2017-01-15 19:17:24,1204,16
2017-01-15 19:18:23,1220,14
2017-01-15 19:19:22,1212,13
2017-01-15 19:20:20,1237,16
2017-01-15 19:21:19,1232,13
2017-01-15 19:22:18,1213,15
2017-01-15 19:23:17,1265,13
2017-01-15 19:24:16,1206,15
2017-01-15 19:25:15,1224,12
2017-01-15 19:26:14,1214,14
2017-01-15 19:27:13,1235,14
2017-01-15 19:28:11,1201,15
2017-01-15 19:29:10,1267,14
2017-01-15 19:30:09,1220,12
2017-01-15 19:31:08,1233,16
2017-01-15 19:32:07,1227,13
2017-01-15 19:33:06,1237,12
2017-01-15 19:34:05,1273,14
2017-01-15 19:35:04,1249,12
2017-01-15 19:36:03,1220,15
2017-01-15 19:37:01,1270,15
2017-01-15 19:38:00,1266,16
2017-01-15 19:38:59,1249,14
2017-01-15 19:39:58,1275,14
2017-01-15 19:40:57,1257,17
2017-01-15 19:41:56,1250,13
2017-01-15 19:42:55,1273,11
2017-01-15 19:43:54,1286,13
2017-01-15 19:44:53,1275,16
2017-01-15 19:45:51,1278,14
2017-01-15 19:46:50,1298,16
2017-01-15 19:47:49,1296,16
2017-01-15 19:48:48,1276,9
2017-01-15 19:49:47,1275,11
2017-01-15 19:50:46,1268,15
2017-01-15 19:51:45,1317,15
2017-01-15 19:52:44,1302,15
2017-01-15 19:53:43,1339,14
2017-01-15 19:54:41,1284,20
2017-01-15 19:55:40,1256,10
2017-01-15 19:56:39,1266,14
2017-01-15 19:57:38,1269,12
2017-01-15 19:58:37,1307,14
2017-01-15 19:59:36,1278,15
2017-01-15 20:00:35,1309,13
2017-01-15 20:01:34,1328,16
2017-01-15 20:02:33,1265,14
2017-01-15 20:03:31,1283,16
2017-01-15 20:04:30,1287,10
2017-01-15 20:05:29,1288,17
2017-01-15 20:06:28,1253,14
2017-01-15 20:07:27,1288,12
2017-01-15 20:08:26,1293,10
2017-01-15 20:09:25,1281,7
2017-01-15 20:10:24,1303,15
2017-01-15 20:11:22,1279,15
2017-01-15 20:12:21,1290,10
2017-01-15 20:13:20,1272,12
2017-01-15 20:14:19,1317,13
2017-01-15 20:15:18,1340,15
2017-01-15 20:16:17,1288,10
2017-01-15 20:17:16,1298,15
2017-01-15 20:18:15,1301,17
2017-01-15 20:19:14,1298,17
2017-01-15 20:20:12,1329,13
2017-01-15 20:21:11,1316,13
2017-01-15 20:22:10,1270,13
2017-01-15 20:23:09,1318,11
2017-01-15 20:24:08,1294,12
2017-01-15 20:25:07,1277,15
2017-01-15 20:26:07,1293,12
2017-01-15 20:27:06,1310,11
2017-01-15 20:28:04,1295,14
2017-01-15 20:29:03,1297,13
2017-01-15 20:30:02,1309,13
2017-01-15 20:31:01,1300,12
2017-01-15 20:32:00,1319,14
2017-01-15 20:32:59,1417,17
2017-01-15 20:33:58,1383,19
2017-01-15 20:34:57,1336,16
2017-01-15 20:35:56,1347,18
2017-01-15 20:36:54,1423,12
2017-01-15 20:37:53,1352,14
2017-01-15 20:38:52,1433,18
2017-01-15 20:39:51,1373,15
2017-01-15 20:40:50,1408,19
2017-01-15 20:41:49,1424,22
2017-01-15 20:42:48,1380,16
2017-01-15 20:43:47,1439,36
2017-01-15 20:44:46,1416,34
2017-01-15 20:45:44,1461,40
2017-01-15 20:46:43,1434,44
2017-01-15 20:47:42,1415,32
2017-01-15 20:48:41,1412,33
2017-01-15 20:49:40,1392,35
2017-01-15 20:50:39,1408,32
2017-01-15 20:51:38,1421,30
2017-01-15 20:52:37,1382,35
2017-01-15 20:53:36,1348,29
2017-01-15 20:54:34,1340,28
2017-01-15 20:55:33,1379,32
2017-01-15 20:56:32,1375,25
2017-01-15 20:57:31,1405,28
2017-01-15 20:58:30,1382,33
2017-01-15 20:59:29,1384,31
2017-01-15 21:00:28,1423,28
2017-01-15 21:01:27,1332,22
2017-01-15 21:02:26,1332,28
2017-01-15 21:03:24,1349,32
2017-01-15 21:04:23,1391,30
2017-01-15 21:05:22,1355,27
2017-01-15 21:06:21,1333,26
2017-01-15 21:07:20,1371,26
2017-01-15 21:08:19,1329,29
2017-01-15 21:09:18,1338,24
2017-01-15 21:10:17,1386,23
2017-01-15 21:11:16,1346,25
2017-01-15 21:12:14,1420,35
2017-01-15 21:13:13,1351,24
2017-01-15 21:14:12,1318,32
2017-01-15 21:15:11,1387,28
2017-01-15 21:16:10,1316,22
2017-01-15 21:17:09,1353,28
2017-01-15 21:18:08,1358,22
2017-01-15 21:19:07,1378,30
2017-01-15 21:20:06,1336,25
2017-01-15 21:21:04,1351,25
2017-01-15 21:22:03,1397,34
2017-01-15 21:23:02,1331,30
2017-01-15 21:24:01,1360,32
2017-01-15 21:25:00,1388,30
2017-01-15 21:25:59,1366,32
2017-01-15 21:26:58,1366,24
2017-01-15 21:27:57,1343,32
2017-01-15 21:28:56,1343,35
2017-01-15 21:29:54,1362,37
2017-01-15 21:30:53,1362,31
2017-01-15 21:31:52,1329,33
2017-01-15 21:32:51,1363,32
2017-01-15 21:33:50,1354,33
2017-01-15 21:34:49,1362,35
2017-01-15 21:35:48,1328,36
2017-01-15 21:36:47,1349,34
2017-01-15 21:37:46,1336,37
2017-01-15 21:38:44,1320,49
2017-01-15 21:39:43,1384,40
2017-01-15 21:40:42,1374,40
2017-01-15 21:41:41,1331,42
2017-01-15 21:42:40,1358,32
2017-01-15 21:43:39,1387,38
2017-01-15 21:44:38,1357,40
2017-01-15 21:45:37,1372,38
2017-01-15 21:46:36,1359,36
2017-01-15 21:47:34,1353,36
2017-01-15 21:48:33,1304,35
2017-01-15 21:49:32,1272,28
2017-01-15 21:50:31,1309,28
2017-01-15 21:51:30,1325,30
2017-01-15 21:52:29,1293,33
2017-01-15 21:53:28,1278,30
2017-01-15 21:54:27,1248,30
2017-01-15 21:55:26,1288,26
2017-01-15 21:56:24,1301,32
2017-01-15 21:57:23,1266,29
2017-01-15 21:58:22,1289,23
2017-01-15 21:59:21,1222,30
2017-01-15 22:00:20,1271,30
2017-01-15 22:01:19,1284,29
2017-01-15 22:02:18,1249,27
2017-01-15 22:03:17,1248,23
2017-01-15 22:04:16,1300,28
2017-01-15 22:05:14,1293,30
2017-01-15 22:06:13,1231,28
2017-01-15 22:07:12,1263,31
2017-01-15 22:08:11,1244,24
2017-01-15 22:09:10,1243,28
2017-01-15 22:10:09,1245,26
2017-01-15 22:11:08,1285,23
2017-01-15 22:12:07,1224,22
2017-01-15 22:13:06,1226,18
2017-01-15 22:14:04,1227,20
2017-01-15 22:15:03,1214,26
2017-01-15 22:16:02,1192,24
2017-01-15 22:17:01,1171,22
2017-01-15 22:18:00,1198,29
2017-01-15 22:18:59,1223,24
2017-01-15 22:19:58,1230,29
2017-01-15 22:20:57,1169,23
2017-01-15 22:21:56,1179,27
2017-01-15 22:22:54,1178,24
2017-01-15 22:23:53,1193,23
2017-01-15 22:24:52,1211,24
2017-01-15 22:25:51,1213,24
2017-01-15 22:26:50,1152,19
2017-01-15 22:27:49,1123,21
2017-01-15 22:28:48,1167,24
2017-01-15 22:29:47,1165,25
2017-01-15 22:30:46,1171,18
2017-01-15 22:31:44,1174,18
2017-01-15 22:32:43,1151,23
2017-01-15 22:33:42,1156,19
2017-01-15 22:34:41,1175,26
2017-01-15 22:35:40,1166,25
2017-01-15 22:36:39,1154,20
2017-01-15 22:37:38,1156,26
2017-01-15 22:38:37,1162,18
2017-01-15 22:39:36,1181,22
2017-01-15 22:40:34,1150,20
2017-01-15 22:41:33,1146,20
2017-01-15 22:42:32,1153,26
2017-01-15 22:43:31,1164,18
2017-01-15 22:44:30,1106,17
2017-01-15 22:45:29,1134,18
2017-01-15 22:46:28,1145,24
2017-01-15 22:47:27,1148,16
2017-01-15 22:48:25,1169,23
2017-01-15 22:49:24,1162,19
2017-01-15 22:50:23,1143,18
2017-01-15 22:51:22,1117,18
2017-01-15 22:52:21,1141,18
2017-01-15 22:53:20,1110,15
2017-01-15 22:54:19,1133,20
2017-01-15 22:55:18,1187,20
2017-01-15 22:56:17,1130,14
2017-01-15 22:57:15,1122,14
2017-01-15 22:58:14,1097,21
2017-01-15 22:59:13,1154,21
2017-01-15 23:00:12,1131,24
2017-01-15 23:01:11,1180,17
2017-01-15 23:02:10,1101,16
2017-01-15 23:03:09,1164,19
2017-01-15 23:04:07,1121,20
2017-01-15 23:05:06,1155,18
2017-01-15 23:06:05,1165,18
2017-01-15 23:07:04,1141,17
2017-01-15 23:08:03,1146,17
2017-01-15 23:09:02,1146,16
2017-01-15 23:10:01,1151,17
2017-01-15 23:11:00,1123,21
2017-01-15 23:11:58,1119,20
2017-01-15 23:12:57,1106,16
2017-01-15 23:13:56,1090,12
2017-01-15 23:14:55,1134,19
2017-01-15 23:15:54,1159,21
2017-01-15 23:16:53,1116,15
2017-01-15 23:17:52,1136,18
2017-01-15 23:18:51,1108,15
2017-01-15 23:19:50,1133,11
2017-01-15 23:20:48,1118,19
2017-01-15 23:21:47,1139,15
2017-01-15 23:22:46,1098,16
2017-01-15 23:23:45,1070,17
2017-01-15 23:24:44,1120,17
2017-01-15 23:25:43,1092,18
2017-01-15 23:26:42,1111,16
2017-01-15 23:27:41,1097,14
2017-01-15 23:28:39,1128,15
2017-01-15 23:29:38,1100,17
2017-01-15 23:30:37,1158,16
2017-01-15 23:31:36,1140,15
2017-01-15 23:32:35,1138,13
2017-01-15 23:33:34,1141,15
2017-01-15 23:34:33,1165,14
2017-01-15 23:35:32,1132,17
2017-01-15 23:36:30,1143,15
2017-01-15 23:37:29,1152,15
2017-01-15 23:38:28,1097,13
2017-01-15 23:39:27,1127,15
2017-01-15 23:40:26,1130,19
2017-01-15 23:41:25,1113,14
2017-01-15 23:42:24,1075,17
2017-01-15 23:43:23,1122,21
2017-01-15 23:44:23,1112,18
2017-01-15 23:45:22,1110,17
2017-01-15 23:46:21,1100,18
2017-01-15 23:47:20,1096,19
2017-01-15 23:48:19,1073,14
2017-01-15 23:49:18,1082,15
2017-01-15 23:50:17,1103,11
2017-01-15 23:51:16,1072,13
2017-01-15 23:52:14,1096,15
2017-01-15 23:53:13,1101,19
2017-01-15 23:54:12,1089,21
2017-01-15 23:55:11,1083,17
2017-01-15 23:56:10,1116,18
2017-01-15 23:57:09,1133,20
2017-01-15 23:58:08,1111,15
2017-01-15 23:59:07,1112,17
2017-01-16 00:00:05,1091,15
2017-01-16 00:01:04,1116,16
2017-01-16 00:02:03,1141,19
2017-01-16 00:03:02,1099,10
2017-01-16 00:04:01,1160,19
2017-01-16 00:05:00,1116,15
2017-01-16 00:05:59,1111,17
2017-01-16 00:06:58,1114,21
2017-01-16 00:07:56,1106,20
2017-01-16 00:08:55,1057,20
2017-01-16 00:09:54,1108,14
2017-01-16 00:10:53,1079,18
2017-01-16 00:11:52,1100,16
2017-01-16 00:12:51,1076,17
2017-01-16 00:13:50,1074,16
2017-01-16 00:14:49,1122,16
2017-01-16 00:15:47,1116,16
2017-01-16 00:16:46,1127,11
2017-01-16 00:17:45,1139,18
2017-01-16 00:18:44,1098,16
2017-01-16 00:19:43,1127,21
2017-01-16 00:20:42,1104,16
2017-01-16 00:21:41,1131,15
2017-01-16 00:22:40,1143,17
2017-01-16 00:23:39,1104,14
2017-01-16 00:24:37,1101,19
2017-01-16 00:25:36,1090,16
2017-01-16 00:26:35,1152,15
2017-01-16 00:27:34,1152,13
2017-01-16 00:28:33,1150,18
2017-01-16 00:29:32,1114,16
2017-01-16 00:30:31,1110,12
2017-01-16 00:31:30,1156,15
2017-01-16 00:32:29,1093,15
2017-01-16 00:33:28,1110,15
2017-01-16 00:34:27,1110,11
2017-01-16 00:35:26,1092,14
2017-01-16 00:36:25,1111,17
2017-01-16 00:37:24,1130,17
2017-01-16 00:38:23,1145,13
2017-01-16 00:39:21,1125,14
2017-01-16 00:40:20,1162,17
2017-01-16 00:41:19,1167,19
2017-01-16 00:42:18,1127,19
2017-01-16 00:43:17,1143,21
2017-01-16 00:44:16,1157,17
2017-01-16 00:45:15,1108,17
2017-01-16 00:46:14,1124,12
2017-01-16 00:47:12,1094,18
2017-01-16 00:48:11,1154,14
2017-01-16 00:49:10,1113,17
2017-01-16 00:50:09,1135,16
2017-01-16 00:51:08,1165,15
2017-01-16 00:52:07,1106,13
2017-01-16 00:53:06,1112,17
2017-01-16 00:54:05,1121,13
2017-01-16 00:55:03,1121,15
2017-01-16 00:56:02,1139,16
2017-01-16 00:57:01,1123,15
2017-01-16 00:58:00,1159,17
2017-01-16 00:58:59,1152,17
2017-01-16 00:59:58,1204,14
2017-01-16 01:00:57,1136,11
2017-01-16 01:01:56,1142,16
2017-01-16 01:02:54,1205,19
2017-01-16 01:03:53,1156,16
2017-01-16 01:04:52,1169,18
2017-01-16 01:05:51,1160,18
2017-01-16 01:06:50,1156,17
2017-01-16 01:07:49,1161,18
2017-01-16 01:08:48,1140,17
2017-01-16 01:09:47,1173,18
2017-01-16 01:10:45,1147,15
2017-01-16 01:11:44,1130,18
2017-01-16 01:12:43,1196,23
2017-01-16 01:13:42,1216,23
2017-01-16 01:14:41,1142,16
2017-01-16 01:15:40,1172,15
2017-01-16 01:16:40,1167,18
2017-01-16 01:17:39,1155,22
2017-01-16 01:18:37,1205,17
2017-01-16 01:19:36,1201,14
2017-01-16 01:20:35,1234,21
2017-01-16 01:21:34,1172,14
2017-01-16 01:22:33,1193,16
2017-01-16 01:23:32,1165,16
2017-01-16 01:24:31,1188,19
2017-01-16 01:25:30,1207,12
2017-01-16 01:26:28,1221,13
2017-01-16 01:27:27,1238,16
2017-01-16 01:28:26,1223,17
2017-01-16 01:29:25,1181,19
2017-01-16 01:30:24,1186,15
2017-01-16 01:31:23,1212,16
2017-01-16 01:32:22,1242,20
2017-01-16 01:33:21,1189,14
2017-01-16 01:34:20,1221,11
2017-01-16 01:35:18,1231,17
2017-01-16 01:36:17,1171,16
2017-01-16 01:37:16,1220,16
2017-01-16 01:38:15,1212,14
2017-01-16 01:39:14,1121,20
2017-01-16 01:40:13,1223,15
2017-01-16 01:41:12,1226,12
2017-01-16 01:42:11,1187,19
2017-01-16 01:43:09,1185,19
2017-01-16 01:44:08,1206,15
2017-01-16 01:45:07,1220,22
2017-01-16 01:46:06,1198,22
2017-01-16 01:47:05,1178,20
2017-01-16 01:48:04,1211,19
2017-01-16 01:49:03,1199,19
2017-01-16 01:50:02,1236,16
2017-01-16 01:51:00,1198,16
2017-01-16 01:51:59,1201,17
2017-01-16 01:52:58,1215,17
2017-01-16 01:53:57,1204,17
2017-01-16 01:54:56,1236,23
2017-01-16 01:55:55,1225,21
2017-01-16 01:56:54,1244,18
2017-01-16 01:57:53,1220,14
2017-01-16 01:58:51,1273,21
2017-01-16 01:59:50,1199,21
2017-01-16 02:00:49,1196,16
2017-01-16 02:01:48,1236,19
2017-01-16 02:02:47,1211,15
2017-01-16 02:03:46,1252,17
2017-01-16 02:04:45,1214,12
2017-01-16 02:05:44,1259,20
2017-01-16 02:06:43,1221,16
2017-01-16 02:07:41,1211,21
2017-01-16 02:08:40,1202,18
2017-01-16 02:09:39,1202,15
2017-01-16 02:10:38,1246,16
2017-01-16 02:11:37,1240,18
2017-01-16 02:12:36,1207,17
2017-01-16 02:13:35,1234,15
2017-01-16 02:14:34,1227,19
2017-01-16 02:15:33,1207,15
2017-01-16 02:16:31,1233,17
2017-01-16 02:17:30,1220,18
2017-01-16 02:18:29,1210,15
2017-01-16 02:19:28,1238,19
2017-01-16 02:20:27,1207,21
2017-01-16 02:21:26,1193,16
2017-01-16 02:22:25,1207,19
2017-01-16 02:23:24,1245,16
2017-01-16 02:24:23,1236,18
2017-01-16 02:25:21,1214,17
2017-01-16 02:26:20,1220,19
2017-01-16 02:27:19,1204,17
2017-01-16 02:28:18,1191,18
2017-01-16 02:29:17,1283,19
2017-01-16 02:30:16,1244,16
2017-01-16 02:31:15,1184,14
2017-01-16 02:32:14,1234,17
2017-01-16 02:33:13,1223,19
2017-01-16 02:34:11,1213,12
2017-01-16 02:35:10,1248,14
2017-01-16 02:36:09,1253,18
2017-01-16 02:37:08,1232,22
2017-01-16 02:38:07,1244,17
2017-01-16 02:39:06,1243,15
2017-01-16 02:40:05,1243,20
2017-01-16 02:41:04,1243,14
2017-01-16 02:42:03,1255,15
2017-01-16 02:43:01,1268,21
2017-01-16 02:44:00,1194,17
2017-01-16 02:44:59,1237,21
2017-01-16 02:45:58,1243,16
2017-01-16 02:46:57,1212,17
2017-01-16 02:47:56,1216,18
2017-01-16 02:48:55,1267,23
2017-01-16 02:49:54,1212,15
2017-01-16 02:50:53,1234,14
2017-01-16 02:51:51,1261,18
2017-01-16 02:52:50,1245,21
2017-01-16 02:53:49,1244,20
2017-01-16 02:54:48,1208,18
2017-01-16 02:55:47,1244,16
2017-01-16 02:56:46,1213,19
2017-01-16 02:57:45,1192,20
2017-01-16 02:58:44,1196,18
2017-01-16 02:59:43,1200,15
2017-01-16 03:00:41,1191,14
2017-01-16 03:01:40,1241,22
2017-01-16 03:02:39,1222,18
2017-01-16 03:03:38,1210,21
2017-01-16 03:04:37,1201,20
2017-01-16 03:05:36,1242,15
2017-01-16 03:06:35,1211,20
2017-01-16 03:07:34,1218,18
2017-01-16 03:08:33,1259,21
2017-01-16 03:09:31,1250,21
2017-01-16 03:10:30,1253,15
2017-01-16 03:11:29,1282,18
2017-01-16 03:12:28,1228,17
2017-01-16 03:13:27,1218,20
2017-01-16 03:14:26,1237,21
2017-01-16 03:15:25,1216,20
2017-01-16 03:16:24,1251,17
2017-01-16 03:17:22,1216,16
2017-01-16 03:18:21,1249,13
2017-01-16 03:19:20,1247,21
2017-01-16 03:20:19,1263,21
2017-01-16 03:21:18,1222,24
2017-01-16 03:22:17,1211,17
2017-01-16 03:23:16,1248,19
2017-01-16 03:24:15,1247,24
2017-01-16 03:25:14,1256,19
2017-01-16 03:26:12,1283,21
2017-01-16 03:27:11,1286,18
2017-01-16 03:28:10,1244,22
2017-01-16 03:29:09,1235,21
2017-01-16 03:30:08,1254,22
2017-01-16 03:31:07,1225,21
2017-01-16 03:32:06,1258,18
2017-01-16 03:33:05,1281,21
2017-01-16 03:34:04,1262,20
2017-01-16 03:35:02,1199,20
2017-01-16 03:36:01,1273,23
2017-01-16 03:37:00,1233,15
2017-01-16 03:37:59,1237,16
2017-01-16 03:38:58,1278,21
2017-01-16 03:39:57,1255,19
2017-01-16 03:40:56,1235,15
2017-01-16 03:41:55,1244,19
2017-01-16 03:42:54,1249,20
2017-01-16 03:43:52,1195,20
2017-01-16 03:44:51,1255,18
2017-01-16 03:45:50,1227,21
2017-01-16 03:46:49,1215,19
2017-01-16 03:47:48,1244,17
2017-01-16 03:48:47,1218,16
2017-01-16 03:49:46,1210,20
2017-01-16 03:50:45,1204,14
2017-01-16 03:51:44,1259,21
2017-01-16 03:52:42,1229,19
2017-01-16 03:53:41,1217,17
2017-01-16 03:54:40,1267,20
2017-01-16 03:55:39,1238,14
2017-01-16 03:56:38,1238,18
2017-01-16 03:57:37,1242,17
2017-01-16 03:58:36,1240,20
2017-01-16 03:59:35,1283,17
2017-01-16 04:00:34,1213,18
2017-01-16 04:01:32,1256,15
2017-01-16 04:02:31,1233,21
2017-01-16 04:03:30,1221,17
2017-01-16 04:04:29,1242,23
2017-01-16 04:05:28,1234,18
2017-01-16 04:06:27,1214,16
2017-01-16 04:07:26,1170,19
2017-01-16 04:08:25,1253,22
2017-01-16 04:09:24,1236,16
2017-01-16 04:10:22,1228,22
2017-01-16 04:11:21,1208,17
2017-01-16 04:12:20,1229,16
2017-01-16 04:13:19,1234,20
2017-01-16 04:14:18,1198,16
2017-01-16 04:15:18,1224,19
2017-01-16 04:16:17,1211,15
2017-01-16 04:17:16,1193,22
2017-01-16 04:18:15,1216,18
2017-01-16 04:19:13,1216,19
2017-01-16 04:20:12,1248,18
2017-01-16 04:21:11,1234,15
2017-01-16 04:22:10,1201,16
2017-01-16 04:23:09,1250,18
2017-01-16 04:24:08,1231,17
2017-01-16 04:25:07,1256,20
2017-01-16 04:26:06,1232,18
2017-01-16 04:27:04,1230,19
2017-01-16 04:28:03,1266,21
2017-01-16 04:29:02,1222,21
2017-01-16 04:30:01,1236,16
2017-01-16 04:31:00,1297,16
2017-01-16 04:31:59,1298,17
2017-01-16 04:32:58,1275,21
2017-01-16 04:33:57,1279,18
2017-01-16 04:34:56,1258,18
2017-01-16 04:35:54,1264,20
2017-01-16 04:36:53,1270,17
2017-01-16 04:37:52,1272,19
2017-01-16 04:38:51,1281,18
2017-01-16 04:39:50,1273,16
2017-01-16 04:40:49,1267,17
2017-01-16 04:41:48,1305,21
2017-01-16 04:42:47,1289,17
2017-01-16 04:43:46,1254,19
2017-01-16 04:44:44,1267,16
2017-01-16 04:45:43,1264,19
2017-01-16 04:46:42,1264,22
2017-01-16 04:47:41,1253,17
2017-01-16 04:48:40,1280,19
2017-01-16 04:49:39,1282,13
2017-01-16 04:50:38,1267,17
2017-01-16 04:51:37,1264,16
2017-01-16 04:52:36,1236,18
2017-01-16 04:53:34,1229,15
2017-01-16 04:54:33,1268,16
2017-01-16 04:55:32,1283,18
2017-01-16 04:56:31,1270,17
2017-01-16 04:57:30,1277,15
2017-01-16 04:58:29,1255,17
2017-01-16 04:59:28,1245,17
2017-01-16 05:00:27,1203,17
2017-01-16 05:01:25,1250,20
2017-01-16 05:02:24,1241,15
2017-01-16 05:03:23,1263,18
2017-01-16 05:04:22,1279,16
2017-01-16 05:05:21,1268,17
2017-01-16 05:06:20,1269,18
2017-01-16 05:07:19,1236,23
2017-01-16 05:08:18,1233,22
2017-01-16 05:09:17,1242,14
2017-01-16 05:10:15,1255,15
2017-01-16 05:11:14,1229,17
2017-01-16 05:12:13,1218,16
2017-01-16 05:13:12,1198,16
2017-01-16 05:14:11,1182,22
2017-01-16 05:15:10,1219,18
2017-01-16 05:16:09,1180,19
2017-01-16 05:17:08,1200,14
2017-01-16 05:18:06,1166,17
2017-01-16 05:19:05,1191,18
2017-01-16 05:20:04,1170,18
2017-01-16 05:21:03,1151,19
2017-01-16 05:22:02,1173,19
2017-01-16 05:23:01,1152,23
2017-01-16 05:24:00,1124,21
2017-01-16 05:24:59,1100,15
2017-01-16 05:25:58,1173,15
2017-01-16 05:26:56,1124,18
2017-01-16 05:27:55,1087,17
2017-01-16 05:28:54,1129,16
2017-01-16 05:29:53,1176,16
2017-01-16 05:30:52,1149,14
2017-01-16 05:31:51,1184,18
2017-01-16 05:32:50,1162,15
2017-01-16 05:33:49,1153,15
2017-01-16 05:34:48,1173,20
2017-01-16 05:35:46,1177,21
2017-01-16 05:36:45,1148,12
2017-01-16 05:37:44,1170,17
2017-01-16 05:38:43,1149,18
2017-01-16 05:39:42,1185,24
2017-01-16 05:40:41,1162,19
2017-01-16 05:41:40,1163,18
2017-01-16 05:42:39,1201,17
2017-01-16 05:43:37,1157,19
2017-01-16 05:44:36,1143,19
2017-01-16 05:45:35,1170,17
2017-01-16 05:46:34,1185,19
2017-01-16 05:47:33,1160,14
2017-01-16 05:48:32,1174,19
2017-01-16 05:49:31,1144,15
2017-01-16 05:50:30,1195,20
2017-01-16 05:51:29,1176,21
2017-01-16 05:52:27,1218,15
2017-01-16 05:53:26,1234,16
2017-01-16 05:54:25,1203,19
2017-01-16 05:55:24,1196,23
2017-01-16 05:56:23,1223,17
2017-01-16 05:57:22,1230,16
2017-01-16 05:58:21,1206,13
2017-01-16 05:59:20,1223,20
2017-01-16 06:00:19,1157,16
2017-01-16 06:01:17,1223,18
2017-01-16 06:02:16,1229,19
2017-01-16 06:03:15,1234,19
2017-01-16 06:04:14,1222,20
2017-01-16 06:05:13,1230,21
2017-01-16 06:06:12,1211,12
2017-01-16 06:07:11,1230,17
2017-01-16 06:08:10,1221,17
2017-01-16 06:09:09,1274,18
2017-01-16 06:10:07,1265,17
2017-01-16 06:11:06,1204,19
2017-01-16 06:12:05,1263,21
2017-01-16 06:13:04,1230,22
2017-01-16 06:14:03,1200,21
2017-01-16 06:15:02,1200,13
2017-01-16 06:16:01,1222,18
2017-01-16 06:17:00,1248,14
2017-01-16 06:17:59,1259,19
2017-01-16 06:18:57,1247,18
2017-01-16 06:19:56,1272,15
2017-01-16 06:20:55,1264,15
2017-01-16 06:21:54,1249,19
2017-01-16 06:22:53,1266,18
2017-01-16 06:23:52,1198,22
2017-01-16 06:24:51,1237,18
2017-01-16 06:25:50,1207,16
2017-01-16 06:26:49,1251,18
2017-01-16 06:27:47,1245,17
2017-01-16 06:28:46,1250,21
2017-01-16 06:29:45,1219,21
2017-01-16 06:30:44,1245,16
2017-01-16 06:31:43,1244,15
2017-01-16 06:32:42,1234,17
2017-01-16 06:33:41,1272,22
2017-01-16 06:34:40,1230,21
2017-01-16 06:35:38,1207,19
2017-01-16 06:36:37,1270,22
2017-01-16 06:37:36,1318,22
2017-01-16 06:38:35,1283,18
2017-01-16 06:39:34,1227,16
2017-01-16 06:40:33,1273,21
2017-01-16 06:41:32,1239,21
2017-01-16 06:42:31,1268,21
2017-01-16 06:43:30,1252,21
2017-01-16 06:44:28,1288,24
2017-01-16 06:45:27,1251,19
2017-01-16 06:46:26,1246,21
2017-01-16 06:47:25,1283,23
2017-01-16 06:48:24,1267,22
2017-01-16 06:49:23,1278,19
2017-01-16 06:50:22,1292,20
2017-01-16 06:51:21,1305,22
2017-01-16 06:52:20,1305,24
2017-01-16 06:53:18,1302,19
2017-01-16 06:54:17,1314,21
2017-01-16 06:55:16,1324,21
2017-01-16 06:56:15,1299,19
2017-01-16 06:57:14,1343,21
2017-01-16 06:58:13,1285,21
2017-01-16 06:59:12,1326,19
2017-01-16 07:00:11,1296,23
2017-01-16 07:01:10,1330,16
2017-01-16 07:02:08,1345,22
2017-01-16 07:03:07,1310,19
2017-01-16 07:04:06,1339,22
2017-01-16 07:05:05,1272,16
2017-01-16 07:06:04,1321,25
2017-01-16 07:07:03,1318,20
2017-01-16 07:08:04,1302,19
2017-01-16 07:09:03,1300,21
2017-01-16 07:10:01,1275,20
2017-01-16 07:11:00,1320,17
2017-01-16 07:11:59,1325,18
2017-01-16 07:12:58,1302,17
2017-01-16 07:13:57,1292,22
2017-01-16 07:14:56,1285,21
2017-01-16 07:15:55,1248,16
2017-01-16 07:16:53,1219,16
2017-01-16 07:17:52,1241,17
2017-01-16 07:18:51,1249,16
2017-01-16 07:19:50,1218,17
2017-01-16 07:20:49,1192,17
2017-01-16 07:21:48,1216,19
2017-01-16 07:22:47,1201,21
2017-01-16 07:23:46,1206,18
2017-01-16 07:24:44,1199,18
2017-01-16 07:25:43,1252,20
2017-01-16 07:26:42,1190,13
2017-01-16 07:27:41,1204,22
2017-01-16 07:28:40,1194,18
2017-01-16 07:29:39,1165,15
2017-01-16 07:30:38,1185,20
2017-01-16 07:31:37,1255,24
2017-01-16 07:32:35,1243,17
2017-01-16 07:33:34,1239,16
2017-01-16 07:34:33,1236,19
2017-01-16 07:35:32,1258,19
2017-01-16 07:36:31,1272,15
2017-01-16 07:37:30,1254,24
2017-01-16 07:38:29,1232,21
2017-01-16 07:39:28,1255,22
2017-01-16 07:40:26,1334,24
2017-01-16 07:41:25,1306,23
2017-01-16 07:42:24,1435,21
2017-01-16 07:43:23,1559,25
2017-01-16 07:44:22,1580,24
2017-01-16 07:45:21,1654,29
2017-01-16 07:46:20,1688,18
2017-01-16 07:47:18,1741,24
2017-01-16 07:48:17,1722,22
2017-01-16 07:49:16,1776,19
2017-01-16 07:50:15,1694,21
2017-01-16 07:51:14,1689,18
2017-01-16 07:52:13,1676,21
2017-01-16 07:53:12,1718,23
2017-01-16 07:54:11,1682,20
2017-01-16 07:55:09,1664,25
2017-01-16 07:56:08,1609,18
2017-01-16 07:57:07,1604,21
2017-01-16 07:58:06,1673,18
2017-01-16 07:59:05,1582,23
2017-01-16 08:00:04,1586,20
2017-01-16 08:01:03,1583,23
2017-01-16 08:02:02,1591,23
2017-01-16 08:03:00,1580,22
2017-01-16 08:03:59,1550,23
2017-01-16 08:04:58,1485,23
2017-01-16 08:05:57,1491,21
2017-01-16 08:06:56,1409,23
2017-01-16 08:07:55,1427,20
2017-01-16 08:08:54,1430,24
2017-01-16 08:09:52,1442,23
2017-01-16 08:10:51,1389,24
2017-01-16 08:11:50,1377,17
2017-01-16 08:12:49,1367,23
2017-01-16 08:13:48,1387,22
2017-01-16 08:14:47,1372,22
2017-01-16 08:15:46,1356,19
2017-01-16 08:16:45,1363,24
2017-01-16 08:17:43,1355,22
2017-01-16 08:18:42,1377,21
2017-01-16 08:19:41,1385,23
2017-01-16 08:20:40,1352,23
2017-01-16 08:21:39,1366,29
2017-01-16 08:22:38,1402,37
2017-01-16 08:23:37,1381,53
2017-01-16 08:24:35,1437,54
2017-01-16 08:25:34,1488,63
2017-01-16 08:26:33,1449,50
2017-01-16 08:27:32,1482,57
2017-01-16 08:28:31,1458,42
2017-01-16 08:29:30,1445,44
2017-01-16 08:30:29,1451,43
2017-01-16 08:31:28,1445,45
2017-01-16 08:32:26,1414,40
2017-01-16 08:33:25,1416,35
2017-01-16 08:34:24,1363,44
2017-01-16 08:35:23,1377,32
2017-01-16 08:36:22,1398,31
2017-01-16 08:37:21,1372,33
2017-01-16 08:38:22,1403,31
2017-01-16 08:39:20,1416,33
2017-01-16 08:40:19,1425,27
2017-01-16 08:41:18,1390,30
2017-01-16 08:42:17,1336,29
2017-01-16 08:43:16,1381,27
2017-01-16 08:44:15,1368,24
2017-01-16 08:45:14,1371,24
2017-01-16 08:46:12,1329,29
2017-01-16 08:47:11,1321,27
2017-01-16 08:48:10,1367,22
2017-01-16 08:49:09,1362,26
2017-01-16 08:50:08,1351,23
2017-01-16 08:51:07,1363,23
2017-01-16 08:52:06,1365,24
2017-01-16 08:53:05,1375,24
2017-01-16 08:54:03,1336,22
2017-01-16 08:55:02,1394,22
2017-01-16 08:56:01,1330,26
2017-01-16 08:57:00,1360,22
2017-01-16 08:57:59,1333,24
2017-01-16 08:58:58,1374,23
2017-01-16 08:59:57,1347,27
2017-01-16 09:00:55,1384,30
2017-01-16 09:01:54,1374,24
2017-01-16 09:02:53,1373,23
2017-01-16 09:03:52,1388,22
2017-01-16 09:04:51,1321,18
2017-01-16 09:05:50,1334,24
2017-01-16 09:06:49,1341,17
2017-01-16 09:07:47,1354,20
2017-01-16 09:08:46,1329,18
2017-01-16 09:09:45,1368,22
2017-01-16 09:10:44,1311,21
2017-01-16 09:11:43,1352,18
2017-01-16 09:12:42,1364,20
2017-01-16 09:13:41,1378,20
2017-01-16 09:14:40,1357,19
2017-01-16 09:15:38,1383,25
2017-01-16 09:16:37,1352,21
2017-01-16 09:17:36,1363,19
2017-01-16 09:18:35,1365,15
2017-01-16 09:19:34,1387,17
2017-01-16 09:20:33,1368,18
2017-01-16 09:21:33,1351,21
2017-01-16 09:22:31,1361,19
2017-01-16 09:23:30,1382,19
2017-01-16 09:24:29,1346,18
2017-01-16 09:25:28,1402,22
2017-01-16 09:26:27,1380,23
2017-01-16 09:27:26,1353,17
2017-01-16 09:28:25,1386,19
2017-01-16 09:29:23,1390,19
2017-01-16 09:30:22,1391,18
2017-01-16 09:31:21,1376,20
2017-01-16 09:32:20,1384,18
2017-01-16 09:33:19,1379,19
2017-01-16 09:34:18,1362,19
2017-01-16 09:35:17,1408,20
2017-01-16 09:36:16,1373,20
2017-01-16 09:37:14,1398,21
2017-01-16 09:38:13,1392,17
2017-01-16 09:39:12,1408,18
2017-01-16 09:40:11,1377,14
2017-01-16 09:41:10,1432,17
2017-01-16 09:42:09,1432,18
2017-01-16 09:43:08,1390,19
2017-01-16 09:44:06,1428,23
2017-01-16 09:45:05,1407,19
2017-01-16 09:46:04,1442,19
2017-01-16 09:47:03,1439,19
2017-01-16 09:48:02,1433,16
2017-01-16 09:49:01,1402,20
2017-01-16 09:50:00,1380,19
2017-01-16 09:50:59,1410,19
2017-01-16 09:51:57,1430,20
2017-01-16 09:52:56,1399,19
2017-01-16 09:53:55,1448,23
2017-01-16 09:54:54,1431,22
2017-01-16 09:55:53,1425,16
2017-01-16 09:56:52,1424,23
2017-01-16 09:57:51,1418,19
2017-01-16 09:58:49,1410,26
2017-01-16 09:59:48,1433,19
2017-01-16 10:00:47,1404,20
2017-01-16 10:01:46,1433,19
2017-01-16 10:02:45,1463,24
2017-01-16 10:03:44,1440,17
2017-01-16 10:04:43,1477,14
2017-01-16 10:05:42,1466,21
2017-01-16 10:06:40,1490,18
2017-01-16 10:07:39,1426,19
2017-01-16 10:08:38,1435,19
2017-01-16 10:09:37,1428,18
2017-01-16 10:10:36,1463,23
2017-01-16 10:11:35,1420,18
2017-01-16 10:12:34,1439,19
2017-01-16 10:13:32,1433,16
2017-01-16 10:14:31,1458,18
2017-01-16 10:15:30,1408,21
2017-01-16 10:16:29,1435,18
2017-01-16 10:17:28,1403,22
2017-01-16 10:18:28,1428,24
2017-01-16 10:19:27,1449,19
2017-01-16 10:20:26,1431,18
2017-01-16 10:21:24,1433,19
2017-01-16 10:22:23,1366,19
2017-01-16 10:23:22,1436,15
2017-01-16 10:24:21,1482,18
2017-01-16 10:25:20,1442,25
2017-01-16 10:26:19,1442,21
2017-01-16 10:27:18,1430,17
2017-01-16 10:28:17,1450,19
2017-01-16 10:29:15,1441,24
2017-01-16 10:30:14,1457,16
2017-01-16 10:31:13,1404,18
2017-01-16 10:32:12,1408,15
2017-01-16 10:33:11,1443,23
2017-01-16 10:34:10,1419,22
2017-01-16 10:35:09,1431,16
2017-01-16 10:36:07,1410,22
2017-01-16 10:37:06,1452,24
2017-01-16 10:38:05,1434,21
2017-01-16 10:39:04,1495,22
2017-01-16 10:40:03,1449,22
2017-01-16 10:41:02,1371,23
2017-01-16 10:42:01,1416,19
2017-01-16 10:43:00,1492,21
2017-01-16 10:43:58,1422,22
2017-01-16 10:44:57,1411,18
2017-01-16 10:45:56,1437,17
2017-01-16 10:46:55,1425,19
2017-01-16 10:47:54,1421,18
2017-01-16 10:48:53,1397,17
2017-01-16 10:49:52,1428,23
2017-01-16 10:50:50,1401,23
2017-01-16 10:51:49,1442,22
2017-01-16 10:52:48,1425,21
2017-01-16 10:53:47,1458,26
2017-01-16 10:54:46,1441,20
2017-01-16 10:55:45,1443,25
2017-01-16 10:56:44,1432,20
2017-01-16 10:57:43,1408,18
2017-01-16 10:58:41,1424,19
2017-01-16 10:59:40,1448,25
2017-01-16 11:00:39,1407,26
2017-01-16 11:01:38,1431,18
2017-01-16 11:02:37,1470,20
2017-01-16 11:03:36,1493,23
2017-01-16 11:04:35,1449,21
2017-01-16 11:05:33,1464,21
2017-01-16 11:06:32,1466,19
2017-01-16 11:07:31,1444,25
2017-01-16 11:08:30,1435,18
2017-01-16 11:09:29,1425,22
2017-01-16 11:10:28,1419,23
2017-01-16 11:11:27,1427,22
2017-01-16 11:12:26,1404,19
2017-01-16 11:13:24,1360,23
2017-01-16 11:14:23,1400,22
2017-01-16 11:15:22,1396,20
2017-01-16 11:16:21,1412,17
2017-01-16 11:17:20,1423,21
2017-01-16 11:18:19,1454,18
2017-01-16 11:19:18,1417,23
2017-01-16 11:20:17,1390,23
2017-01-16 11:21:16,1369,25
2017-01-16 11:22:14,1379,25
2017-01-16 11:23:13,1377,16
2017-01-16 11:24:12,1411,25
2017-01-16 11:25:11,1378,22
2017-01-16 11:26:10,1407,25
2017-01-16 11:27:09,1519,30
2017-01-16 11:28:08,1884,59
2017-01-16 11:29:07,2227,64
2017-01-16 11:30:05,2308,69
2017-01-16 11:31:04,2427,110
2017-01-16 11:32:03,2480,111
2017-01-16 11:33:02,2502,115
2017-01-16 11:34:01,2584,130
2017-01-16 11:35:00,2541,117
2017-01-16 11:35:59,2637,123
2017-01-16 11:36:57,2702,103
2017-01-16 11:37:56,2663,119
2017-01-16 11:38:55,2720,94
2017-01-16 11:39:54,2804,98
2017-01-16 11:40:53,2695,84
2017-01-16 11:41:52,2609,91
2017-01-16 11:42:51,2455,78
2017-01-16 11:43:49,2468,89
2017-01-16 11:44:48,2488,72
2017-01-16 11:45:47,2384,73
2017-01-16 11:46:46,2290,70
2017-01-16 11:47:45,2331,65
2017-01-16 11:48:46,2251,60
2017-01-16 11:49:45,2235,66
2017-01-16 11:50:43,2221,67
2017-01-16 11:51:42,2202,60
2017-01-16 11:52:41,2125,55
2017-01-16 11:53:40,2079,55
2017-01-16 11:54:39,2092,58
2017-01-16 11:55:38,2039,54
2017-01-16 11:56:37,2037,52
2017-01-16 11:57:35,1996,56
2017-01-16 11:58:34,2010,43
2017-01-16 11:59:33,1985,47
2017-01-16 12:00:32,1962,48
2017-01-16 12:01:31,1906,44
2017-01-16 12:02:30,1848,44
2017-01-16 12:03:29,1849,34
2017-01-16 12:04:28,1857,52
2017-01-16 12:05:26,1820,39
2017-01-16 12:06:25,1792,43
2017-01-16 12:07:24,1867,40
2017-01-16 12:08:23,1805,44
2017-01-16 12:09:22,1792,36
2017-01-16 12:10:21,1758,40
2017-01-16 12:11:20,1690,34
2017-01-16 12:12:18,1682,41
2017-01-16 12:13:17,1718,40
2017-01-16 12:14:16,1669,32
2017-01-16 12:15:15,1669,38
2017-01-16 12:16:14,1677,30
2017-01-16 12:17:13,1656,30
2017-01-16 12:18:12,1615,24
2017-01-16 12:19:11,1617,33
2017-01-16 12:20:09,1634,35
2017-01-16 12:21:08,1548,29
2017-01-16 12:22:07,1585,32
2017-01-16 12:23:06,1531,32
2017-01-16 12:24:05,1535,24
2017-01-16 12:25:04,1554,31
2017-01-16 12:26:03,1536,31
2017-01-16 12:27:01,1589,30
2017-01-16 12:28:00,1569,30
2017-01-16 12:28:59,1523,29
2017-01-16 12:29:58,1531,25
2017-01-16 12:30:57,1536,28
2017-01-16 12:31:56,1493,25
2017-01-16 12:32:55,1504,24
2017-01-16 12:33:53,1474,23
2017-01-16 12:34:52,1475,22
2017-01-16 12:35:51,1479,22
2017-01-16 12:36:50,1471,26
2017-01-16 12:37:49,1538,29
2017-01-16 12:38:48,1466,26
2017-01-16 12:39:47,1482,25
2017-01-16 12:40:46,1496,31
2017-01-16 12:41:44,1500,24
2017-01-16 12:42:43,1453,23
2017-01-16 12:43:42,1475,27
2017-01-16 12:44:41,1463,23
2017-01-16 12:45:40,1471,24
2017-01-16 12:46:39,1441,25
2017-01-16 12:47:38,1445,24
2017-01-16 12:48:36,1489,25
2017-01-16 12:49:36,1478,25
2017-01-16 12:50:35,1417,25
2017-01-16 12:51:34,1451,22
2017-01-16 12:52:33,1453,20
2017-01-16 12:53:32,1440,16
2017-01-16 12:54:31,1418,21
2017-01-16 12:55:29,1472,18
2017-01-16 12:56:28,1438,27
2017-01-16 12:57:27,1471,23
2017-01-16 12:58:26,1488,23
2017-01-16 12:59:25,1460,25
2017-01-16 13:00:24,1509,21
2017-01-16 13:01:23,1471,18
2017-01-16 13:02:22,1464,25
2017-01-16 13:03:20,1434,26
2017-01-16 13:04:19,1479,25
2017-01-16 13:05:18,1496,29
2017-01-16 13:06:17,1484,29
2017-01-16 13:07:16,1464,29
2017-01-16 13:08:15,1474,22
2017-01-16 13:09:14,1496,32
2017-01-16 13:10:12,1498,31
2017-01-16 13:11:11,1467,29
2017-01-16 13:12:10,1520,40
2017-01-16 13:13:09,1507,33
2017-01-16 13:14:08,1491,40
2017-01-16 13:15:07,1552,42
2017-01-16 13:16:06,1545,38
2017-01-16 13:17:05,1482,42
2017-01-16 13:18:03,1487,47
2017-01-16 13:19:02,1512,44
2017-01-16 13:20:01,1485,44
2017-01-16 13:21:00,1538,51
2017-01-16 13:21:59,1522,45
2017-01-16 13:22:58,1534,44
2017-01-16 13:23:57,1503,45
2017-01-16 13:24:55,1527,49
2017-01-16 13:25:54,1506,45
2017-01-16 13:26:53,1526,42
2017-01-16 13:27:52,1491,43
2017-01-16 13:28:51,1502,42
2017-01-16 13:29:50,1501,54
2017-01-16 13:30:49,1526,40
2017-01-16 13:31:47,1490,38
2017-01-16 13:32:46,1463,43
2017-01-16 13:33:45,1490,42
2017-01-16 13:34:44,1481,47
2017-01-16 13:35:43,1478,41
2017-01-16 13:36:42,1426,47
2017-01-16 13:37:41,1448,37
2017-01-16 13:38:40,1445,35
2017-01-16 13:39:38,1447,35
2017-01-16 13:40:37,1450,36
2017-01-16 13:41:36,1460,43
2017-01-16 13:42:35,1484,32
2017-01-16 13:43:34,1465,35
2017-01-16 13:44:33,1506,43
2017-01-16 13:45:32,1474,38
2017-01-16 13:46:30,1491,39
2017-01-16 13:47:29,1504,39
2017-01-16 13:48:28,1549,37
2017-01-16 13:49:27,1520,34
2017-01-16 13:50:26,1571,36
2017-01-16 13:51:25,1596,41
2017-01-16 13:52:24,1557,37
2017-01-16 13:53:22,1532,35
2017-01-16 13:54:21,1582,44
2017-01-16 13:55:20,1566,32
2017-01-16 13:56:19,1572,34
2017-01-16 13:57:18,1652,40
2017-01-16 13:58:17,1663,24
2017-01-16 13:59:16,1609,35
2017-01-16 14:00:14,1664,27
2017-01-16 14:01:13,1679,36
2017-01-16 14:02:12,1688,32
2017-01-16 14:03:11,1738,31
2017-01-16 14:04:10,1746,36
2017-01-16 14:05:09,1728,28
2017-01-16 14:06:08,1755,30
2017-01-16 14:07:06,1754,36
2017-01-16 14:08:05,1840,37
2017-01-16 14:09:04,2251,42
2017-01-16 14:10:05,2281,47
2017-01-16 14:11:04,2258,50
2017-01-16 14:12:03,2105,42
2017-01-16 14:13:02,2077,39
2017-01-16 14:14:00,2124,41
2017-01-16 14:14:59,2044,38
2017-01-16 14:15:58,2034,41
2017-01-16 14:16:57,2071,36
2017-01-16 14:17:56,2128,43
2017-01-16 14:18:55,2110,39
2017-01-16 14:19:54,2072,33
2017-01-16 14:20:52,2004,44
2017-01-16 14:21:51,1996,40
2017-01-16 14:22:50,1985,35
2017-01-16 14:23:49,1947,42
2017-01-16 14:24:48,1937,35
2017-01-16 14:25:47,1881,38
2017-01-16 14:26:46,1866,33
2017-01-16 14:27:45,1881,36
2017-01-16 14:28:43,1864,38
2017-01-16 14:29:42,1838,25
2017-01-16 14:30:41,1793,35
2017-01-16 14:31:40,1810,36
2017-01-16 14:32:39,1817,32
2017-01-16 14:33:38,1747,25
2017-01-16 14:34:37,1737,33
2017-01-16 14:35:35,1736,35
2017-01-16 14:36:34,1753,32
2017-01-16 14:37:33,1722,29
2017-01-16 14:38:32,1743,28
2017-01-16 14:39:31,1717,28
2017-01-16 14:40:30,1691,25
2017-01-16 14:41:29,1660,28
2017-01-16 14:42:27,1688,22
2017-01-16 14:43:26,1641,29
2017-01-16 14:44:25,1664,28
2017-01-16 14:45:24,1629,27
2017-01-16 14:46:23,1609,29
2017-01-16 14:47:22,1586,31
2017-01-16 14:48:21,1616,28
2017-01-16 14:49:20,1639,28
2017-01-16 14:50:18,1630,31
2017-01-16 14:51:17,1541,25
2017-01-16 14:52:16,1555,23
2017-01-16 14:53:15,1593,23
2017-01-16 14:54:14,1619,28
2017-01-16 14:55:13,1531,27
2017-01-16 14:56:12,1572,30
2017-01-16 14:57:10,1535,27
2017-01-16 14:58:09,1534,30
2017-01-16 14:59:08,1519,22
2017-01-16 15:00:07,1545,24
2017-01-16 15:01:07,1538,25
2017-01-16 15:02:06,1557,27
2017-01-16 15:03:05,1550,30
2017-01-16 15:04:04,1542,33
2017-01-16 15:05:02,1516,29
2017-01-16 15:06:01,1516,28
2017-01-16 15:07:00,1523,25
2017-01-16 15:07:59,1468,23
2017-01-16 15:08:58,1523,30
2017-01-16 15:09:57,1522,26
2017-01-16 15:10:56,1531,30
2017-01-16 15:11:54,1477,28
2017-01-16 15:12:53,1447,25
2017-01-16 15:13:52,1471,21
2017-01-16 15:14:51,1477,25
2017-01-16 15:15:50,1486,25
2017-01-16 15:16:49,1463,32
2017-01-16 15:17:48,1460,22
2017-01-16 15:18:46,1440,25
2017-01-16 15:19:45,1456,24
2017-01-16 15:20:44,1405,29
2017-01-16 15:21:43,1408,26
2017-01-16 15:22:42,1457,20
2017-01-16 15:23:41,1382,26
2017-01-16 15:24:40,1467,25
2017-01-16 15:25:38,1379,30
2017-01-16 15:26:37,1417,25
2017-01-16 15:27:36,1421,26
2017-01-16 15:28:35,1402,24
2017-01-16 15:29:34,1369,27
2017-01-16 15:30:33,1435,25
2017-01-16 15:31:32,1368,25
2017-01-16 15:32:31,1487,27
2017-01-16 15:33:29,1537,27
2017-01-16 15:34:28,1458,26
2017-01-16 15:35:27,1418,28
2017-01-16 15:36:26,1408,24
2017-01-16 15:37:25,1501,23
2017-01-16 15:38:24,1420,29
2017-01-16 15:39:23,1408,22
2017-01-16 15:40:21,1450,29
2017-01-16 15:41:20,1431,24
2017-01-16 15:42:19,1414,28
2017-01-16 15:43:18,1400,24
2017-01-16 15:44:17,1392,23
2017-01-16 15:45:16,1454,32
2017-01-16 15:46:16,1427,22
2017-01-16 15:47:14,1425,28
2017-01-16 15:48:13,1442,28
2017-01-16 15:49:12,1415,25
2017-01-16 15:50:11,1379,26
2017-01-16 15:51:10,1402,30
2017-01-16 15:52:09,1401,28
2017-01-16 15:53:08,1390,28
2017-01-16 15:54:07,1350,23
2017-01-16 15:55:05,1391,25
2017-01-16 15:56:04,1338,16
2017-01-16 15:57:03,1353,28
2017-01-16 15:58:02,1337,24
2017-01-16 15:59:01,1412,27
2017-01-16 16:00:00,1337,23
2017-01-16 16:00:59,1391,34
2017-01-16 16:01:58,1365,27
2017-01-16 16:02:56,1321,28
2017-01-16 16:03:55,1337,26
2017-01-16 16:04:54,1361,23
2017-01-16 16:05:53,1368,23
2017-01-16 16:06:52,1367,31
2017-01-16 16:07:51,1346,21
2017-01-16 16:08:50,1375,26
2017-01-16 16:09:48,1372,22
2017-01-16 16:10:47,1410,24
2017-01-16 16:11:46,1389,26
2017-01-16 16:12:45,1384,23
2017-01-16 16:13:44,1361,24
2017-01-16 16:14:43,1362,21
2017-01-16 16:15:42,1359,22
2017-01-16 16:16:40,1381,23
2017-01-16 16:17:39,1359,25
2017-01-16 16:18:38,1358,23
2017-01-16 16:19:37,1356,24
2017-01-16 16:20:36,1333,22
2017-01-16 16:21:35,1411,23
2017-01-16 16:22:34,1355,25
2017-01-16 16:23:33,1370,24
2017-01-16 16:24:31,1341,24
2017-01-16 16:25:30,1376,30
2017-01-16 16:26:29,1387,24
2017-01-16 16:27:28,1423,23
2017-01-16 16:28:27,1414,23
2017-01-16 16:29:26,1417,31
2017-01-16 16:30:25,1403,24
2017-01-16 16:31:23,1388,23
2017-01-16 16:32:22,1438,29
2017-01-16 16:33:21,1413,26
2017-01-16 16:34:20,1415,24
2017-01-16 16:35:19,1416,21
2017-01-16 16:36:18,1393,22
2017-01-16 16:37:18,1357,24
2017-01-16 16:38:16,1360,23
2017-01-16 16:39:15,1318,21
2017-01-16 16:40:14,1364,29
2017-01-16 16:41:13,1370,27
2017-01-16 16:42:12,1321,19
2017-01-16 16:43:11,1287,24
2017-01-16 16:44:10,1289,25
2017-01-16 16:45:08,1328,29
2017-01-16 16:46:07,1298,30
2017-01-16 16:47:06,1321,23
2017-01-16 16:48:05,1298,24
2017-01-16 16:49:04,1320,28
2017-01-16 16:50:03,1277,28
2017-01-16 16:51:02,1314,23
2017-01-16 16:52:00,1306,23
2017-01-16 16:52:59,1293,25
2017-01-16 16:53:58,1291,25
2017-01-16 16:54:57,1321,25
2017-01-16 16:55:56,1305,24
2017-01-16 16:56:55,1292,25
2017-01-16 16:57:54,1281,29
2017-01-16 16:58:52,1328,28
2017-01-16 16:59:51,1307,21
2017-01-16 17:00:50,1324,28
2017-01-16 17:01:49,1361,25
2017-01-16 17:02:48,1324,27
2017-01-16 17:03:47,1315,28
2017-01-16 17:04:46,1353,26
2017-01-16 17:05:44,1266,30
2017-01-16 17:06:43,1287,25
2017-01-16 17:07:42,1306,28
2017-01-16 17:08:41,1319,29
2017-01-16 17:09:40,1302,26
2017-01-16 17:10:39,1285,21
2017-01-16 17:11:38,1271,24
2017-01-16 17:12:36,1291,21
2017-01-16 17:13:35,1268,23
2017-01-16 17:14:34,1263,23
2017-01-16 17:15:33,1254,24
2017-01-16 17:16:32,1295,25
2017-01-16 17:17:31,1224,20
2017-01-16 17:18:30,1265,24
2017-01-16 17:19:29,1251,22
2017-01-16 17:20:27,1247,28
2017-01-16 17:21:26,1261,25
2017-01-16 17:22:25,1242,22
2017-01-16 17:23:24,1260,21
2017-01-16 17:24:23,1229,25
2017-01-16 17:25:22,1250,23
2017-01-16 17:26:21,1276,23
2017-01-16 17:27:19,1267,19
2017-01-16 17:28:18,1256,21
2017-01-16 17:29:17,1303,25
2017-01-16 17:30:17,1251,25
2017-01-16 17:31:16,1265,24
2017-01-16 17:32:15,1261,24
2017-01-16 17:33:14,1311,24
2017-01-16 17:34:12,1283,21
2017-01-16 17:35:11,1291,21
2017-01-16 17:36:10,1291,27
2017-01-16 17:37:09,1312,25
2017-01-16 17:38:08,1328,25
2017-01-16 17:39:07,1318,22
2017-01-16 17:40:06,1300,25
2017-01-16 17:41:05,1378,23
2017-01-16 17:42:03,1300,24
2017-01-16 17:43:02,1361,21
2017-01-16 17:44:01,1359,24
2017-01-16 17:45:00,1367,22
2017-01-16 17:45:59,1358,26
2017-01-16 17:46:58,1323,22
2017-01-16 17:47:57,1373,25
2017-01-16 17:48:55,1386,28
2017-01-16 17:49:54,1341,21
2017-01-16 17:50:53,1364,21
2017-01-16 17:51:52,1398,23
2017-01-16 17:52:51,1348,24
2017-01-16 17:53:50,1342,26
2017-01-16 17:54:49,1382,23
2017-01-16 17:55:47,1426,32
2017-01-16 17:56:46,1388,29
2017-01-16 17:57:45,1393,30
2017-01-16 17:58:44,1422,27
2017-01-16 17:59:43,1456,23
2017-01-16 18:00:42,1454,30
2017-01-16 18:01:41,1419,26
2017-01-16 18:02:40,1406,23
2017-01-16 18:03:38,1450,18
2017-01-16 18:04:37,1457,24
2017-01-16 18:05:36,1459,20
2017-01-16 18:06:35,1399,22
2017-01-16 18:07:34,1470,29
2017-01-16 18:08:33,1444,26
2017-01-16 18:09:32,1441,21
2017-01-16 18:10:30,1456,24
2017-01-16 18:11:29,1461,28
2017-01-16 18:12:28,1440,23
2017-01-16 18:13:27,1391,26
2017-01-16 18:14:26,1466,23
2017-01-16 18:15:25,1438,22
2017-01-16 18:16:24,1465,25
2017-01-16 18:17:22,1492,20
2017-01-16 18:18:21,1454,25
2017-01-16 18:19:20,1419,29
2017-01-16 18:20:19,1509,23
2017-01-16 18:21:18,1500,22
2017-01-16 18:22:17,1467,26
2017-01-16 18:23:16,1487,26
2017-01-16 18:24:15,1514,24
2017-01-16 18:25:13,1512,26
2017-01-16 18:26:12,1511,32
2017-01-16 18:27:11,1426,19
2017-01-16 18:28:10,1463,23
2017-01-16 18:29:09,1486,22
2017-01-16 18:30:08,1447,33
2017-01-16 18:31:07,1464,18
2017-01-16 18:32:05,1507,23
2017-01-16 18:33:04,1486,28
2017-01-16 18:34:03,1454,24
2017-01-16 18:35:02,1500,25
2017-01-16 18:36:01,1473,18
2017-01-16 18:37:00,1469,21
2017-01-16 18:37:59,1429,28
2017-01-16 18:38:57,1449,27
2017-01-16 18:39:56,1479,27
2017-01-16 18:40:55,1500,31
2017-01-16 18:41:54,1447,25
2017-01-16 18:42:53,1419,27
2017-01-16 18:43:52,1478,27
2017-01-16 18:44:51,1483,27
2017-01-16 18:45:49,1500,28
2017-01-16 18:46:48,1473,26
2017-01-16 18:47:47,1541,27
2017-01-16 18:48:46,1529,27
2017-01-16 18:49:45,1536,32
2017-01-16 18:50:44,1491,29
2017-01-16 18:51:43,1493,28
2017-01-16 18:52:41,1486,28
2017-01-16 18:53:40,1470,26
2017-01-16 18:54:41,1481,28
2017-01-16 18:55:40,1507,24
2017-01-16 18:56:39,1500,30
2017-01-16 18:57:38,1518,29
2017-01-16 18:58:37,1509,23
2017-01-16 18:59:35,1546,26
2017-01-16 19:00:34,1564,29
2017-01-16 19:01:33,1561,27
2017-01-16 19:02:32,1512,28
2017-01-16 19:03:31,1512,29
2017-01-16 19:04:30,1516,28
2017-01-16 19:05:29,1512,25
2017-01-16 19:06:27,1495,25
2017-01-16 19:07:26,1508,25
2017-01-16 19:08:25,1521,19
2017-01-16 19:09:24,1515,25
2017-01-16 19:10:23,1556,28
2017-01-16 19:11:22,1564,28
2017-01-16 19:12:21,1526,28
2017-01-16 19:13:19,1516,26
2017-01-16 19:14:18,1467,24
2017-01-16 19:15:17,1508,18
2017-01-16 19:16:16,1477,29
2017-01-16 19:17:15,1477,28
2017-01-16 19:18:14,1482,30
2017-01-16 19:19:13,1492,29
2017-01-16 19:20:11,1519,26
2017-01-16 19:21:10,1503,24
2017-01-16 19:22:09,1492,23
2017-01-16 19:23:08,1511,24
2017-01-16 19:24:07,1533,21
2017-01-16 19:25:06,1440,30
2017-01-16 19:26:05,1517,26
2017-01-16 19:27:03,1533,20
2017-01-16 19:28:02,1509,25
2017-01-16 19:29:01,1510,24
2017-01-16 19:30:00,1506,23
2017-01-16 19:30:59,1470,29
2017-01-16 19:31:58,1468,24
2017-01-16 19:32:57,1477,24
2017-01-16 19:33:55,1474,25
2017-01-16 19:34:54,1493,24
2017-01-16 19:35:53,1495,20
2017-01-16 19:36:52,1523,21
2017-01-16 19:37:51,1496,17
2017-01-16 19:38:50,1521,20
2017-01-16 19:39:49,1483,24
2017-01-16 19:40:47,1450,23
2017-01-16 19:41:46,1458,22
2017-01-16 19:42:45,1469,24
2017-01-16 19:43:44,1474,23
2017-01-16 19:44:43,1458,26
2017-01-16 19:45:42,1511,24
2017-01-16 19:46:41,1493,26
2017-01-16 19:47:39,1463,21
2017-01-16 19:48:38,1473,24
2017-01-16 19:49:37,1479,17
2017-01-16 19:50:36,1499,18
2017-01-16 19:51:35,1464,24
2017-01-16 19:52:34,1464,22
2017-01-16 19:53:33,1522,21
2017-01-16 19:54:31,1469,18
2017-01-16 19:55:30,1522,24
2017-01-16 19:56:29,1442,19
2017-01-16 19:57:28,1478,22
2017-01-16 19:58:27,1490,21
2017-01-16 19:59:26,1505,24
2017-01-16 20:00:25,1494,25
2017-01-16 20:01:23,1440,24
2017-01-16 20:02:22,1484,20
2017-01-16 20:03:21,1503,23
2017-01-16 20:04:20,1504,22
2017-01-16 20:05:19,1475,23
2017-01-16 20:06:18,1508,23
2017-01-16 20:07:17,1467,23
2017-01-16 20:08:15,1495,22
2017-01-16 20:09:14,1475,20
2017-01-16 20:10:13,1434,25
2017-01-16 20:11:12,1522,24
2017-01-16 20:12:11,1489,21
2017-01-16 20:13:10,1509,23
2017-01-16 20:14:09,1523,25
2017-01-16 20:15:07,1515,23
2017-01-16 20:16:06,1478,20
2017-01-16 20:17:05,1451,20
2017-01-16 20:18:04,1518,21
2017-01-16 20:19:03,1503,23
2017-01-16 20:20:02,1457,16
2017-01-16 20:21:01,1490,24
2017-01-16 20:21:59,1535,25
2017-01-16 20:22:58,1494,25
2017-01-16 20:23:57,1468,24
2017-01-16 20:24:56,1690,29
2017-01-16 20:25:55,1572,38
2017-01-16 20:26:54,1525,31
2017-01-16 20:27:53,1574,34
2017-01-16 20:28:53,1579,34
2017-01-16 20:29:52,1598,29
2017-01-16 20:30:51,1571,27
2017-01-16 20:31:50,1584,34
2017-01-16 20:32:49,1535,35
2017-01-16 20:33:48,1646,38
2017-01-16 20:34:47,1783,49
2017-01-16 20:35:45,1908,40
2017-01-16 20:36:44,1807,56
2017-01-16 20:37:43,1772,53
2017-01-16 20:38:42,1810,59
2017-01-16 20:39:41,1798,52
2017-01-16 20:40:40,1780,49
2017-01-16 20:41:39,1795,47
2017-01-16 20:42:37,1790,52
2017-01-16 20:43:36,1795,45
2017-01-16 20:44:35,1771,47
2017-01-16 20:45:34,1751,48
2017-01-16 20:46:33,1771,45
2017-01-16 20:47:31,1787,46
2017-01-16 20:48:30,1786,42
2017-01-16 20:49:29,1743,46
2017-01-16 21:18:56,1709,34
2017-01-16 21:19:54,1626,33
2017-01-16 21:20:53,1623,37
2017-01-16 21:21:52,1546,35
